{
    "initial_mse_mean": 0.002066597392426068,
    "initial_mse_sd": 0.002280997213462442,
    "initial_bias_mean": 0.03620489708352635,
    "initial_bias_sd": 0.025660205502480313,
    "initial_variance_mean": 0.05543862181572161,
    "initial_variance_sd": 0.009431445723509917,
    "targeted_mse_mean": 0.0021378521906624337,
    "targeted_mse_sd": 0.002112079636330864,
    "targeted_bias_mean": 0.03714884524984338,
    "targeted_bias_sd": 0.024128062478911902,
    "targeted_variance_mean": 0.057087808385316276,
    "targeted_variance_sd": 0.00906728914832086,
    "km_mse_mean": 0.0009851942111436761,
    "km_mse_sd": 0.0007255917535596342,
    "km_bias_mean": 0.024921328141865002,
    "km_bias_sd": 0.011218008567737598,
    "km_variance_mean": 0.060131606288697126,
    "km_variance_sd": 0.003220863328644112,
    "pointwise_coverage_proj_mean": 0.792,
    "pointwise_coverage_proj_sd": 0.22027255843613383,
    "ci_width_proj_mean": 0.14959649173370998,
    "ci_width_proj_sd": 0.06394441796510822,
    "pointwise_coverage_init_mean": 0.876,
    "pointwise_coverage_init_sd": 0.2080384579831335,
    "ci_width_init_mean": 0.16402125805160991,
    "ci_width_init_sd": 0.07624688449799841,
    "pointwise_coverage_km_mean": 0.76,
    "pointwise_coverage_km_sd": 0.21213203435596426,
    "ci_width_km_mean": 0.07311268286544051,
    "ci_width_km_sd": 0.0018092376672607807,
    "initial_oracle_coverage": 0.86,
    "targeted_oracle_coverage": 0.8,
    "km_oracle_coverage": 0.9,
    "initial_ci_width": 0.12757418488856165,
    "targeted_ci_width": 0.12457671755410658,
    "km_ci_width": 0.08053845739293466
}