Percentile,Initial Model,Targeted Model,Kaplan-Meier
2.5,-0.10926357950000005,-0.09349090000000002,-0.131627742
25.0,-0.023797945000000015,-0.01894329,-0.03766340999999995
50.0,0.007168869999999994,0.008064795000000013,0.0
75.0,0.04964523749999998,0.040448065000000005,0.0372304475
97.5,0.14008078074999997,0.10571840700000008,0.12018004774999963
