{
    "initial_mse_mean": 0.0038930161740866847,
    "initial_mse_sd": 0.003958528446690297,
    "initial_bias_mean": 0.04742966607837325,
    "initial_bias_sd": 0.025378778965353826,
    "initial_variance_mean": 0.05714073406889831,
    "initial_variance_sd": 0.012405712240307652,
    "targeted_mse_mean": 0.002486775527777589,
    "targeted_mse_sd": 0.002269858815911747,
    "targeted_bias_mean": 0.03832376122307805,
    "targeted_bias_sd": 0.019370206571902634,
    "targeted_variance_mean": 0.06090561126710752,
    "targeted_variance_sd": 0.00973601372439006,
    "km_mse_mean": 0.0037927906796999984,
    "km_mse_sd": 0.003518007220229878,
    "km_bias_mean": 0.04708336018461373,
    "km_bias_sd": 0.024001752934736324,
    "km_variance_mean": 0.061448664189095906,
    "km_variance_sd": 0.012777810825620345,
    "pointwise_coverage_proj_mean": 0.8841199999999999,
    "pointwise_coverage_proj_sd": 0.17897454952801953,
    "ci_width_proj_mean": 0.4773333006351844,
    "ci_width_proj_sd": 0.3945726140103393,
    "pointwise_coverage_init_mean": 0.7152000000000001,
    "pointwise_coverage_init_sd": 0.23492496563574913,
    "ci_width_init_mean": 0.1608192511896017,
    "ci_width_init_sd": 0.05787379517489953,
    "pointwise_coverage_km_mean": 0.50364,
    "pointwise_coverage_km_sd": 0.27731671337847286,
    "ci_width_km_mean": 0.0755407339293775,
    "ci_width_km_sd": 0.001865135699602269,
    "initial_oracle_coverage": 1.0,
    "targeted_oracle_coverage": 1.0,
    "km_oracle_coverage": 1.0,
    "initial_ci_width": 0.19468118540143078,
    "targeted_ci_width": 0.1401690663957659,
    "km_ci_width": 0.19490921071292105,
    "avg_true_coverage_proj": 0.9098,
    "avg_true_coverage_init": 0.75508,
    "avg_true_coverage_km": 0.55844
}