{
    "initial_mse": 0.0029172337478236576,
    "initial_mse_sd": 0.0031151819744855143,
    "initial_abs_bias": 0.04132879797355392,
    "initial_abs_bias_sd": 0.022537398596485115,
    "initial_avg_variance": 0.002732278999647354,
    "initial_avg_variance_sd": 0.001349774882124645,
    "initial_coverage": 0.7550800000000001,
    "initial_coverage_sd": 0.23754535061751889,
    "initial_ci_width": 0.160819251168,
    "initial_ci_width_sd": 0.05781589246283173,
    "targeted_mse": 0.001544326351296424,
    "targeted_mse_sd": 0.0013776278206727656,
    "targeted_abs_bias": 0.030630645701795953,
    "targeted_abs_bias_sd": 0.0148670425016426,
    "targeted_avg_variance": 0.0013818703180857315,
    "targeted_avg_variance_sd": 0.0005768467123080677,
    "targeted_coverage": 0.9097999999999999,
    "targeted_coverage_sd": 0.16683153179180488,
    "targeted_ci_width": 0.47733330062332635,
    "targeted_ci_width_sd": 0.3941778439104584,
    "km_mse": 0.002781850246330154,
    "km_mse_sd": 0.002613174060520348,
    "km_abs_bias": 0.040691290530913166,
    "km_abs_bias_sd": 0.02039711611099237,
    "km_avg_variance": 0.0027652880567317077,
    "km_avg_variance_sd": 0.001398867116150817,
    "km_coverage": 0.55844,
    "km_coverage_sd": 0.2781739858433926,
    "km_ci_width": 0.07554073394920001,
    "km_ci_width_sd": 0.0018632696537012996,
    "time_points": [
        0.0,
        0.336734693877551,
        0.673469387755102,
        1.010204081632653,
        1.346938775510204,
        1.683673469387755,
        2.020408163265306,
        2.357142857142857,
        2.693877551020408,
        3.030612244897959,
        3.36734693877551,
        3.704081632653061,
        4.040816326530612,
        4.377551020408163,
        4.714285714285714,
        5.051020408163265,
        5.387755102040816,
        5.724489795918367,
        6.061224489795918,
        6.3979591836734695,
        6.73469387755102,
        7.071428571428571,
        7.408163265306122,
        7.744897959183673,
        8.081632653061224,
        8.418367346938775,
        8.755102040816325,
        9.091836734693878,
        9.428571428571429,
        9.76530612244898,
        10.10204081632653,
        10.43877551020408,
        10.775510204081632,
        11.112244897959185,
        11.448979591836734,
        11.785714285714285,
        12.122448979591836,
        12.459183673469386,
        12.79591836734694,
        13.13265306122449,
        13.46938775510204,
        13.806122448979592,
        14.142857142857142,
        14.479591836734691,
        14.816326530612244,
        15.153061224489797,
        15.489795918367346,
        15.826530612244897,
        16.163265306122447,
        16.5
    ],
    "avg_true_survival": [
        1.0,
        0.9901464031619897,
        0.9736299310886098,
        0.9526341312373248,
        0.9282031550763662,
        0.9011736541859422,
        0.8723004112910234,
        0.8422673951089877,
        0.8116715345796974,
        0.7810099846386311,
        0.750679573248525,
        0.7209850661096708,
        0.6921514008183505,
        0.6643367001958966,
        0.6376446200247676,
        0.6121355306781632,
        0.5878363089152634,
        0.5647485743096614,
        0.5428553669403305,
        0.5221264208681843,
        0.5025222573894349,
        0.4839973262994136,
        0.4665023956954,
        0.4499863531788767,
        0.4343975466002091,
        0.4196847651099092,
        0.40579794053865,
        0.392688633063565,
        0.3803103522335214,
        0.3686187538798081,
        0.3575717447674832,
        0.3471295197345641,
        0.3372545502827659,
        0.3279115389429772,
        0.3190673500925692,
        0.3106909251076279,
        0.3027531876415084,
        0.2952269432811913,
        0.2880867767067615,
        0.2813089486524457,
        0.2748712943527524,
        0.2687531246921708,
        0.2629351309193559,
        0.2573992935087278,
        0.2521287955353696,
        0.2471079407601815,
        0.242322076492182,
        0.2377575211964346,
        0.2334014967434866,
        0.2292420651444774
    ],
    "initial_variance_per_time": [
        8.641570354530973e-08,
        3.642473616352675e-05,
        0.00012525243625111402,
        0.0002737651222589258,
        0.0004696109396042673,
        0.0007167967914059482,
        0.0010191075256538449,
        0.0013252200539564099,
        0.0016370400341332242,
        0.0019013537570296353,
        0.0021185287183723435,
        0.0022885627216727334,
        0.0023961560840920983,
        0.002458659259223476,
        0.0024792969198114702,
        0.002471998285401941,
        0.0024449450661666065,
        0.002409887418727022,
        0.0023732973546115085,
        0.0023395949415387215,
        0.002316544619105274,
        0.0023051656217556488,
        0.002308445285999884,
        0.0023264256518137926,
        0.0023613238668686825,
        0.0024094167011870725,
        0.002474628067650469,
        0.00254962139723447,
        0.002635924335359629,
        0.0027372634692594835,
        0.0028425661926720813,
        0.0029608651513427005,
        0.003079541826740735,
        0.0032028308844108634,
        0.003336001095299121,
        0.003465295224405281,
        0.003596047186631,
        0.003733999112183672,
        0.0038652510109924913,
        0.00400222356384963,
        0.004131305935841677,
        0.004258586278840991,
        0.004389870875135876,
        0.0045123278078055,
        0.004637917877110886,
        0.004754465755052692,
        0.0048678641244305635,
        0.004983411394249754,
        0.005090017418319767,
        0.005193217669039619
    ],
    "targeted_variance_per_time": [
        9.695520118241859e-08,
        3.5410381120244604e-05,
        0.0001155395403931374,
        0.00024220703001235966,
        0.0004021101858238704,
        0.0005986165918419346,
        0.0008356533376493959,
        0.0010734238131981696,
        0.0013114339932961858,
        0.0015063593889119656,
        0.0016566557655496065,
        0.0017594657003015797,
        0.0018058648515650538,
        0.0018065468842886937,
        0.0017698439703363149,
        0.0017058860677252017,
        0.0016195908854749184,
        0.0015278380218179649,
        0.001433952178449031,
        0.0013390616507404226,
        0.0012567619172359954,
        0.0011822305473997653,
        0.0011244102541743085,
        0.001080527459896184,
        0.0010498600599170675,
        0.0010350714861048387,
        0.0010339355247659138,
        0.0010456221244891522,
        0.0010686940948790335,
        0.0011037990886163902,
        0.0011462705929774241,
        0.0011989861448923529,
        0.001255685859522592,
        0.0013175359380750147,
        0.001386843151239008,
        0.0014559684447820666,
        0.0015272111357644137,
        0.0016033768393983756,
        0.0016764429862075735,
        0.0017529959719868539,
        0.0018251624075041925,
        0.0018961287497916356,
        0.00196892043800316,
        0.0020362574464785396,
        0.0021045791969040157,
        0.0021671410076991543,
        0.0022270667244114343,
        0.002287000261074178,
        0.002341134501592243,
        0.0023923383548064493
    ],