Comparison,MSE,RMSE,MAE,Absolute Bias
Targeted vs Initial (% improvement),36.12213732851042,20.076372284855857,19.198753873674733,11.514017101521468
Targeted vs KM (% improvement),34.43414788758896,19.027256368324142,18.604447297927262,-226.88995957657312
KM vs Initial (% improvement),2.574494781258163,1.2956408162527855,0.7301462500325706,72.93095725145669
